timeStamp,elapsed,label,responseCode,responseMessage,threadName,dataType,success,failureMessage,bytes,sentBytes,grpThreads,allThreads,URL,Latency,IdleTime,Connect
1581416024599,4146,AuthNProxy,401,Unauthorized,Thread Group 1-1,text,false,,332,184,50,50,https://integration.authnproxyms.service.itsupport247.net/test,4146,0,565
1581416024638,4129,AuthNProxy,401,Unauthorized,Thread Group 1-3,text,false,,332,184,50,50,https://integration.authnproxyms.service.itsupport247.net/test,4129,0,545
1581416024718,4056,AuthNProxy,401,Unauthorized,Thread Group 1-7,text,false,,332,184,50,50,https://integration.authnproxyms.service.itsupport247.net/test,4056,0,545
1581416024799,4025,AuthNProxy,401,Unauthorized,Thread Group 1-11,text,false,,332,184,50,50,https://integration.authnproxyms.service.itsupport247.net/test,4025,0,549
1581416024778,4073,AuthNProxy,401,Unauthorized,Thread Group 1-10,text,false,,332,184,50,50,https://integration.authnproxyms.service.itsupport247.net/test,4073,0,544
1581416024859,4011,AuthNProxy,401,Unauthorized,Thread Group 1-14,text,false,,332,184,50,50,https://integration.authnproxyms.service.itsupport247.net/test,4011,0,550
1581416024819,4085,AuthNProxy,401,Unauthorized,Thread Group 1-12,text,false,,332,184,50,50,https://integration.authnproxyms.service.itsupport247.net/test,4085,0,549
1581416024918,4004,AuthNProxy,401,Unauthorized,Thread Group 1-17,text,false,,332,184,50,50,https://integration.authnproxyms.service.itsupport247.net/test,4004,0,549
1581416024738,4241,AuthNProxy,401,Unauthorized,Thread Group 1-8,text,false,,332,184,50,50,https://integration.authnproxyms.service.itsupport247.net/test,4241,0,550
1581416024879,4103,AuthNProxy,401,Unauthorized,Thread Group 1-15,text,false,,332,184,50,50,https://integration.authnproxyms.service.itsupport247.net/test,4103,0,549
1581416024899,4232,AuthNProxy,401,Unauthorized,Thread Group 1-16,text,false,,332,184,50,50,https://integration.authnproxyms.service.itsupport247.net/test,4232,0,550
1581416024998,4133,AuthNProxy,401,Unauthorized,Thread Group 1-21,text,false,,332,184,50,50,https://integration.authnproxyms.service.itsupport247.net/test,4133,0,550
1581416025018,4114,AuthNProxy,401,Unauthorized,Thread Group 1-22,text,false,,332,184,50,50,https://integration.authnproxyms.service.itsupport247.net/test,4114,0,545
1581416024958,4186,AuthNProxy,401,Unauthorized,Thread Group 1-19,text,false,,332,184,50,50,https://integration.authnproxyms.service.itsupport247.net/test,4186,0,550
1581416024839,4310,AuthNProxy,401,Unauthorized,Thread Group 1-13,text,false,,332,184,50,50,https://integration.authnproxyms.service.itsupport247.net/test,4310,0,548
1581416025199,4088,AuthNProxy,401,Unauthorized,Thread Group 1-31,text,false,,332,184,50,50,https://integration.authnproxyms.service.itsupport247.net/test,4088,0,543
1581416025118,4174,AuthNProxy,401,Unauthorized,Thread Group 1-27,text,false,,332,184,50,50,https://integration.authnproxyms.service.itsupport247.net/test,4174,0,550
1581416025138,4163,AuthNProxy,401,Unauthorized,Thread Group 1-28,text,false,,332,184,50,50,https://integration.authnproxyms.service.itsupport247.net/test,4163,0,545
1581416025279,4082,AuthNProxy,401,Unauthorized,Thread Group 1-35,text,false,,332,184,50,50,https://integration.authnproxyms.service.itsupport247.net/test,4082,0,549
1581416025179,4190,AuthNProxy,401,Unauthorized,Thread Group 1-30,text,false,,332,184,50,50,https://integration.authnproxyms.service.itsupport247.net/test,4190,0,549
1581416025318,4054,AuthNProxy,401,Unauthorized,Thread Group 1-37,text,false,,332,184,50,50,https://integration.authnproxyms.service.itsupport247.net/test,4054,0,546
1581416025259,4119,AuthNProxy,401,Unauthorized,Thread Group 1-34,text,false,,332,184,50,50,https://integration.authnproxyms.service.itsupport247.net/test,4119,0,550
1581416025299,4097,AuthNProxy,401,Unauthorized,Thread Group 1-36,text,false,,332,184,50,50,https://integration.authnproxyms.service.itsupport247.net/test,4097,0,549
1581416025358,4051,AuthNProxy,401,Unauthorized,Thread Group 1-39,text,false,,332,184,50,50,https://integration.authnproxyms.service.itsupport247.net/test,4051,0,545
1581416025239,4222,AuthNProxy,401,Unauthorized,Thread Group 1-33,text,false,,332,184,50,50,https://integration.authnproxyms.service.itsupport247.net/test,4222,0,549
1581416025438,4113,AuthNProxy,401,Unauthorized,Thread Group 1-43,text,false,,332,184,50,50,https://integration.authnproxyms.service.itsupport247.net/test,4113,0,545
1581416025458,4095,AuthNProxy,401,Unauthorized,Thread Group 1-44,text,false,,332,184,50,50,https://integration.authnproxyms.service.itsupport247.net/test,4095,0,546
1581416025338,4219,AuthNProxy,401,Unauthorized,Thread Group 1-38,text,false,,332,184,50,50,https://integration.authnproxyms.service.itsupport247.net/test,4219,0,550
1581416025498,4095,AuthNProxy,401,Unauthorized,Thread Group 1-46,text,false,,332,184,50,50,https://integration.authnproxyms.service.itsupport247.net/test,4095,0,544
1581416025518,4077,AuthNProxy,401,Unauthorized,Thread Group 1-47,text,false,,332,184,50,50,https://integration.authnproxyms.service.itsupport247.net/test,4077,0,546
1581416025378,4217,AuthNProxy,401,Unauthorized,Thread Group 1-40,text,false,,332,184,50,50,https://integration.authnproxyms.service.itsupport247.net/test,4217,0,545
1581416025559,4036,AuthNProxy,401,Unauthorized,Thread Group 1-49,text,false,,332,184,50,50,https://integration.authnproxyms.service.itsupport247.net/test,4036,0,550
1581416025478,4119,AuthNProxy,401,Unauthorized,Thread Group 1-45,text,false,,332,184,50,50,https://integration.authnproxyms.service.itsupport247.net/test,4119,0,545
1581416025398,4203,AuthNProxy,401,Unauthorized,Thread Group 1-41,text,false,,332,184,50,50,https://integration.authnproxyms.service.itsupport247.net/test,4203,0,550
1581416025579,4040,AuthNProxy,401,Unauthorized,Thread Group 1-50,text,false,,332,184,50,50,https://integration.authnproxyms.service.itsupport247.net/test,4040,0,550
1581416629368,4224,AuthNProxy,401,Unauthorized,Thread Group 1-48,text,false,,332,184,50,50,https://integration.authnproxyms.service.itsupport247.net/test,4224,0,550
1581416629363,4233,AuthNProxy,401,Unauthorized,Thread Group 1-11,text,false,,332,184,50,50,https://integration.authnproxyms.service.itsupport247.net/test,4233,0,551
1581416629425,4174,AuthNProxy,401,Unauthorized,Thread Group 1-10,text,false,,332,184,50,50,https://integration.authnproxyms.service.itsupport247.net/test,4174,0,544
1581416629389,4214,AuthNProxy,401,Unauthorized,Thread Group 1-44,text,false,,332,184,50,50,https://integration.authnproxyms.service.itsupport247.net/test,4214,0,549
1581416629431,4172,AuthNProxy,401,Unauthorized,Thread Group 1-47,text,false,,332,184,50,50,https://integration.authnproxyms.service.itsupport247.net/test,4172,0,545
1581416629451,4154,AuthNProxy,401,Unauthorized,Thread Group 1-5,text,false,,332,184,50,50,https://integration.authnproxyms.service.itsupport247.net/test,4154,0,550
1581416629576,4030,AuthNProxy,401,Unauthorized,Thread Group 1-17,text,false,,332,184,50,50,https://integration.authnproxyms.service.itsupport247.net/test,4030,0,550
1581416629589,4136,AuthNProxy,401,Unauthorized,Thread Group 1-8,text,false,,332,184,50,50,https://integration.authnproxyms.service.itsupport247.net/test,4136,0,544
1581416629567,4160,AuthNProxy,401,Unauthorized,Thread Group 1-15,text,false,,332,184,50,50,https://integration.authnproxyms.service.itsupport247.net/test,4160,0,549
1581416629568,4191,AuthNProxy,401,Unauthorized,Thread Group 1-18,text,false,,332,184,50,50,https://integration.authnproxyms.service.itsupport247.net/test,4191,0,550
1581416629868,4153,AuthNProxy,401,Unauthorized,Thread Group 1-38,text,false,,332,184,50,50,https://integration.authnproxyms.service.itsupport247.net/test,4153,0,545
1581416629850,4172,AuthNProxy,401,Unauthorized,Thread Group 1-39,text,false,,332,184,50,50,https://integration.authnproxyms.service.itsupport247.net/test,4172,0,543
1581416629837,4190,AuthNProxy,401,Unauthorized,Thread Group 1-31,text,false,,332,184,50,50,https://integration.authnproxyms.service.itsupport247.net/test,4190,0,551
1581416629854,4174,AuthNProxy,401,Unauthorized,Thread Group 1-24,text,false,,332,184,50,50,https://integration.authnproxyms.service.itsupport247.net/test,4174,0,551
1581416629854,4175,AuthNProxy,401,Unauthorized,Thread Group 1-45,text,false,,332,184,50,50,https://integration.authnproxyms.service.itsupport247.net/test,4175,0,545
1581416629856,4175,AuthNProxy,401,Unauthorized,Thread Group 1-16,text,false,,332,184,50,50,https://integration.authnproxyms.service.itsupport247.net/test,4175,0,545
1581416629897,4139,AuthNProxy,401,Unauthorized,Thread Group 1-34,text,false,,332,184,50,50,https://integration.authnproxyms.service.itsupport247.net/test,4139,0,550
1581416629870,4166,AuthNProxy,401,Unauthorized,Thread Group 1-26,text,false,,332,184,50,50,https://integration.authnproxyms.service.itsupport247.net/test,4166,0,544
1581416629856,4183,AuthNProxy,401,Unauthorized,Thread Group 1-23,text,false,,332,184,50,50,https://integration.authnproxyms.service.itsupport247.net/test,4183,0,550
1581416629881,4160,AuthNProxy,401,Unauthorized,Thread Group 1-46,text,false,,332,184,50,50,https://integration.authnproxyms.service.itsupport247.net/test,4160,0,546
1581416629892,4287,AuthNProxy,401,Unauthorized,Thread Group 1-37,text,false,,332,184,50,50,https://integration.authnproxyms.service.itsupport247.net/test,4287,0,545
1581416629902,4290,AuthNProxy,401,Unauthorized,Thread Group 1-25,text,false,,332,184,50,50,https://integration.authnproxyms.service.itsupport247.net/test,4290,0,550
1581416629853,4341,AuthNProxy,401,Unauthorized,Thread Group 1-28,text,false,,332,184,50,50,https://integration.authnproxyms.service.itsupport247.net/test,4340,0,544
1581416629883,4315,AuthNProxy,401,Unauthorized,Thread Group 1-13,text,false,,332,184,50,50,https://integration.authnproxyms.service.itsupport247.net/test,4315,0,544
1581416629857,4346,AuthNProxy,401,Unauthorized,Thread Group 1-33,text,false,,332,184,50,50,https://integration.authnproxyms.service.itsupport247.net/test,4346,0,550
1581416629935,4397,AuthNProxy,401,Unauthorized,Thread Group 1-32,text,false,,332,184,50,50,https://integration.authnproxyms.service.itsupport247.net/test,4397,0,550
1581416629996,4337,AuthNProxy,401,Unauthorized,Thread Group 1-50,text,false,,332,184,50,50,https://integration.authnproxyms.service.itsupport247.net/test,4337,0,545
1581416629862,4479,AuthNProxy,401,Unauthorized,Thread Group 1-21,text,false,,332,184,50,50,https://integration.authnproxyms.service.itsupport247.net/test,4479,0,551
1581416630003,4353,AuthNProxy,401,Unauthorized,Thread Group 1-6,text,false,,332,184,50,50,https://integration.authnproxyms.service.itsupport247.net/test,4353,0,550
1581416629965,4393,AuthNProxy,401,Unauthorized,Thread Group 1-14,text,false,,332,184,50,50,https://integration.authnproxyms.service.itsupport247.net/test,4393,0,550
1581416629961,4398,AuthNProxy,401,Unauthorized,Thread Group 1-3,text,false,,332,184,50,50,https://integration.authnproxyms.service.itsupport247.net/test,4398,0,545
1581416629999,4367,AuthNProxy,401,Unauthorized,Thread Group 1-49,text,false,,332,184,50,50,https://integration.authnproxyms.service.itsupport247.net/test,4367,0,549
1581416629908,4460,AuthNProxy,401,Unauthorized,Thread Group 1-2,text,false,,332,184,50,50,https://integration.authnproxyms.service.itsupport247.net/test,4460,0,549
1581416630039,4381,AuthNProxy,401,Unauthorized,Thread Group 1-19,text,false,,332,184,50,50,https://integration.authnproxyms.service.itsupport247.net/test,4381,0,545
1581416630028,4449,AuthNProxy,401,Unauthorized,Thread Group 1-12,text,false,,332,184,50,50,https://integration.authnproxyms.service.itsupport247.net/test,4449,0,550
1581417234372,4365,AuthNProxy,401,Unauthorized,Thread Group 1-7,text,false,,332,184,50,50,https://integration.authnproxyms.service.itsupport247.net/test,4365,0,545
1581417234544,4197,AuthNProxy,401,Unauthorized,Thread Group 1-3,text,false,,332,184,50,50,https://integration.authnproxyms.service.itsupport247.net/test,4197,0,545
1581417234556,4187,AuthNProxy,401,Unauthorized,Thread Group 1-1,text,false,,332,184,50,50,https://integration.authnproxyms.service.itsupport247.net/test,4187,0,549
1581417234419,4327,AuthNProxy,401,Unauthorized,Thread Group 1-40,text,false,,332,184,50,50,https://integration.authnproxyms.service.itsupport247.net/test,4327,0,544
1581417234451,4297,AuthNProxy,401,Unauthorized,Thread Group 1-12,text,false,,332,184,50,50,https://integration.authnproxyms.service.itsupport247.net/test,4297,0,545
1581417234680,4164,AuthNProxy,401,Unauthorized,Thread Group 1-47,text,false,,332,184,50,50,https://integration.authnproxyms.service.itsupport247.net/test,4164,0,545
1581417234721,4185,AuthNProxy,401,Unauthorized,Thread Group 1-26,text,false,,332,184,50,50,https://integration.authnproxyms.service.itsupport247.net/test,4185,0,545
1581417234719,4212,AuthNProxy,401,Unauthorized,Thread Group 1-28,text,false,,332,184,50,50,https://integration.authnproxyms.service.itsupport247.net/test,4212,0,549
1581417234723,4224,AuthNProxy,401,Unauthorized,Thread Group 1-8,text,false,,332,184,50,50,https://integration.authnproxyms.service.itsupport247.net/test,4224,0,550
1581417234711,4275,AuthNProxy,401,Unauthorized,Thread Group 1-22,text,false,,332,184,50,50,https://integration.authnproxyms.service.itsupport247.net/test,4275,0,550
1581417234706,4285,AuthNProxy,401,Unauthorized,Thread Group 1-27,text,false,,332,184,50,50,https://integration.authnproxyms.service.itsupport247.net/test,4285,0,549
1581417234668,4437,AuthNProxy,401,Unauthorized,Thread Group 1-42,text,false,,332,184,50,50,https://integration.authnproxyms.service.itsupport247.net/test,4437,0,551
1581417234445,4661,AuthNProxy,401,Unauthorized,Thread Group 1-9,text,false,,332,184,50,50,https://integration.authnproxyms.service.itsupport247.net/test,4661,0,544
1581417234747,4485,AuthNProxy,401,Unauthorized,Thread Group 1-5,text,false,,332,184,50,50,https://integration.authnproxyms.service.itsupport247.net/test,4485,0,549
1581417234827,4407,AuthNProxy,401,Unauthorized,Thread Group 1-32,text,false,,332,184,50,50,https://integration.authnproxyms.service.itsupport247.net/test,4407,0,546
1581417234746,4489,AuthNProxy,401,Unauthorized,Thread Group 1-36,text,false,,332,184,50,50,https://integration.authnproxyms.service.itsupport247.net/test,4489,0,544
1581417234846,4397,AuthNProxy,401,Unauthorized,Thread Group 1-30,text,false,,332,184,50,50,https://integration.authnproxyms.service.itsupport247.net/test,4397,0,544
1581417234799,4444,AuthNProxy,401,Unauthorized,Thread Group 1-39,text,false,,332,184,50,50,https://integration.authnproxyms.service.itsupport247.net/test,4444,0,545
1581417234812,4433,AuthNProxy,401,Unauthorized,Thread Group 1-46,text,false,,332,184,50,50,https://integration.authnproxyms.service.itsupport247.net/test,4433,0,550
1581417234839,4407,AuthNProxy,401,Unauthorized,Thread Group 1-20,text,false,,332,184,50,50,https://integration.authnproxyms.service.itsupport247.net/test,4407,0,544
1581417234831,4416,AuthNProxy,401,Unauthorized,Thread Group 1-45,text,false,,332,184,50,50,https://integration.authnproxyms.service.itsupport247.net/test,4416,0,550
1581417234867,4380,AuthNProxy,401,Unauthorized,Thread Group 1-31,text,false,,332,184,50,50,https://integration.authnproxyms.service.itsupport247.net/test,4380,0,549
1581417234825,4423,AuthNProxy,401,Unauthorized,Thread Group 1-34,text,false,,332,184,50,50,https://integration.authnproxyms.service.itsupport247.net/test,4423,0,549
1581417234886,4626,AuthNProxy,401,Unauthorized,Thread Group 1-14,text,false,,332,184,50,50,https://integration.authnproxyms.service.itsupport247.net/test,4625,0,545
1581417234827,4685,AuthNProxy,401,Unauthorized,Thread Group 1-44,text,false,,332,184,50,50,https://integration.authnproxyms.service.itsupport247.net/test,4685,0,551
1581417234829,4687,AuthNProxy,401,Unauthorized,Thread Group 1-13,text,false,,332,184,50,50,https://integration.authnproxyms.service.itsupport247.net/test,4687,0,545
1581417234881,4635,AuthNProxy,401,Unauthorized,Thread Group 1-41,text,false,,332,184,50,50,https://integration.authnproxyms.service.itsupport247.net/test,4635,0,544
1581417234854,4664,AuthNProxy,401,Unauthorized,Thread Group 1-33,text,false,,332,184,50,50,https://integration.authnproxyms.service.itsupport247.net/test,4664,0,545
1581417234877,4641,AuthNProxy,401,Unauthorized,Thread Group 1-19,text,false,,332,184,50,50,https://integration.authnproxyms.service.itsupport247.net/test,4641,0,545
1581417234825,4694,AuthNProxy,401,Unauthorized,Thread Group 1-16,text,false,,332,184,50,50,https://integration.authnproxyms.service.itsupport247.net/test,4694,0,544
1581417234838,4685,AuthNProxy,401,Unauthorized,Thread Group 1-38,text,false,,332,184,50,50,https://integration.authnproxyms.service.itsupport247.net/test,4685,0,550
1581417234916,4608,AuthNProxy,401,Unauthorized,Thread Group 1-48,text,false,,332,184,50,50,https://integration.authnproxyms.service.itsupport247.net/test,4608,0,550
1581417235004,4798,AuthNProxy,401,Unauthorized,Thread Group 1-50,text,false,,332,184,50,50,https://integration.authnproxyms.service.itsupport247.net/test,4798,0,545
1581417234973,4833,AuthNProxy,401,Unauthorized,Thread Group 1-11,text,false,,332,184,50,50,https://integration.authnproxyms.service.itsupport247.net/test,4833,0,544
1581417234881,4929,AuthNProxy,401,Unauthorized,Thread Group 1-23,text,false,,332,184,50,50,https://integration.authnproxyms.service.itsupport247.net/test,4929,0,550
1581417234977,4834,AuthNProxy,401,Unauthorized,Thread Group 1-4,text,false,,332,184,50,50,https://integration.authnproxyms.service.itsupport247.net/test,4834,0,550
1581417234996,4816,AuthNProxy,401,Unauthorized,Thread Group 1-43,text,false,,332,184,50,50,https://integration.authnproxyms.service.itsupport247.net/test,4816,0,550
1581417234997,4816,AuthNProxy,401,Unauthorized,Thread Group 1-10,text,false,,332,184,50,50,https://integration.authnproxyms.service.itsupport247.net/test,4816,0,545
1581417235016,4797,AuthNProxy,401,Unauthorized,Thread Group 1-35,text,false,,332,184,50,50,https://integration.authnproxyms.service.itsupport247.net/test,4797,0,550
1581417235066,4748,AuthNProxy,401,Unauthorized,Thread Group 1-6,text,false,,332,184,50,50,https://integration.authnproxyms.service.itsupport247.net/test,4748,0,544
1581417235003,4813,AuthNProxy,401,Unauthorized,Thread Group 1-17,text,false,,332,184,50,50,https://integration.authnproxyms.service.itsupport247.net/test,4813,0,545
1581417235020,4796,AuthNProxy,401,Unauthorized,Thread Group 1-2,text,false,,332,184,50,50,https://integration.authnproxyms.service.itsupport247.net/test,4796,0,550
1581417839364,4169,AuthNProxy,401,Unauthorized,Thread Group 1-33,text,false,,332,184,50,50,https://integration.authnproxyms.service.itsupport247.net/test,4169,0,550
1581417839373,4289,AuthNProxy,401,Unauthorized,Thread Group 1-7,text,false,,332,184,50,50,https://integration.authnproxyms.service.itsupport247.net/test,4289,0,549
1581417839411,4268,AuthNProxy,401,Unauthorized,Thread Group 1-29,text,false,,332,184,50,50,https://integration.authnproxyms.service.itsupport247.net/test,4268,0,546
1581417839434,4272,AuthNProxy,401,Unauthorized,Thread Group 1-38,text,false,,332,184,50,50,https://integration.authnproxyms.service.itsupport247.net/test,4272,0,550
1581417839433,4283,AuthNProxy,401,Unauthorized,Thread Group 1-1,text,false,,332,184,50,50,https://integration.authnproxyms.service.itsupport247.net/test,4283,0,550
1581417839453,4431,AuthNProxy,401,Unauthorized,Thread Group 1-34,text,false,,332,184,50,50,https://integration.authnproxyms.service.itsupport247.net/test,4431,0,546
1581417839536,4375,AuthNProxy,401,Unauthorized,Thread Group 1-16,text,false,,332,184,50,50,https://integration.authnproxyms.service.itsupport247.net/test,4375,0,549
1581417839508,4432,AuthNProxy,401,Unauthorized,Thread Group 1-24,text,false,,332,184,50,50,https://integration.authnproxyms.service.itsupport247.net/test,4432,0,549
1581417839516,4541,AuthNProxy,401,Unauthorized,Thread Group 1-21,text,false,,332,184,50,50,https://integration.authnproxyms.service.itsupport247.net/test,4541,0,544
1581417839576,4486,AuthNProxy,401,Unauthorized,Thread Group 1-32,text,false,,332,184,50,50,https://integration.authnproxyms.service.itsupport247.net/test,4486,0,549
1581417839554,4511,AuthNProxy,401,Unauthorized,Thread Group 1-2,text,false,,332,184,50,50,https://integration.authnproxyms.service.itsupport247.net/test,4511,0,550
1581417839556,4602,AuthNProxy,401,Unauthorized,Thread Group 1-18,text,false,,332,184,50,50,https://integration.authnproxyms.service.itsupport247.net/test,4602,0,545
1581417839574,4589,AuthNProxy,401,Unauthorized,Thread Group 1-27,text,false,,332,184,50,50,https://integration.authnproxyms.service.itsupport247.net/test,4589,0,545
1581417839558,4617,AuthNProxy,401,Unauthorized,Thread Group 1-13,text,false,,332,184,50,50,https://integration.authnproxyms.service.itsupport247.net/test,4617,0,550
1581417839502,4677,AuthNProxy,401,Unauthorized,Thread Group 1-19,text,false,,332,184,50,50,https://integration.authnproxyms.service.itsupport247.net/test,4677,0,544
1581417839523,4823,AuthNProxy,401,Unauthorized,Thread Group 1-44,text,false,,332,184,50,50,https://integration.authnproxyms.service.itsupport247.net/test,4823,0,545
1581417839586,4763,AuthNProxy,401,Unauthorized,Thread Group 1-12,text,false,,332,184,50,50,https://integration.authnproxyms.service.itsupport247.net/test,4763,0,549
1581417839610,4740,AuthNProxy,401,Unauthorized,Thread Group 1-43,text,false,,332,184,50,50,https://integration.authnproxyms.service.itsupport247.net/test,4740,0,550
1581417839637,4715,AuthNProxy,401,Unauthorized,Thread Group 1-48,text,false,,332,184,50,50,https://integration.authnproxyms.service.itsupport247.net/test,4715,0,544
1581417839584,4771,AuthNProxy,401,Unauthorized,Thread Group 1-26,text,false,,332,184,50,50,https://integration.authnproxyms.service.itsupport247.net/test,4771,0,546
1581417839711,4644,AuthNProxy,401,Unauthorized,Thread Group 1-22,text,false,,332,184,50,50,https://integration.authnproxyms.service.itsupport247.net/test,4644,0,545
1581417839736,4620,AuthNProxy,401,Unauthorized,Thread Group 1-25,text,false,,332,184,50,50,https://integration.authnproxyms.service.itsupport247.net/test,4620,0,549
1581417839720,4637,AuthNProxy,401,Unauthorized,Thread Group 1-28,text,false,,332,184,50,50,https://integration.authnproxyms.service.itsupport247.net/test,4637,0,550
1581417839728,4892,AuthNProxy,401,Unauthorized,Thread Group 1-31,text,false,,332,184,50,50,https://integration.authnproxyms.service.itsupport247.net/test,4892,0,550
1581417839790,4831,AuthNProxy,401,Unauthorized,Thread Group 1-17,text,false,,332,184,50,50,https://integration.authnproxyms.service.itsupport247.net/test,4831,0,550
1581417839740,4882,AuthNProxy,401,Unauthorized,Thread Group 1-42,text,false,,332,184,50,50,https://integration.authnproxyms.service.itsupport247.net/test,4882,0,550
1581417839793,4830,AuthNProxy,401,Unauthorized,Thread Group 1-15,text,false,,332,184,50,50,https://integration.authnproxyms.service.itsupport247.net/test,4830,0,549
1581417839817,4809,AuthNProxy,401,Unauthorized,Thread Group 1-14,text,false,,332,184,50,50,https://integration.authnproxyms.service.itsupport247.net/test,4809,0,551
1581417839802,4826,AuthNProxy,401,Unauthorized,Thread Group 1-46,text,false,,332,184,50,50,https://integration.authnproxyms.service.itsupport247.net/test,4826,0,549
1581417839795,4833,AuthNProxy,401,Unauthorized,Thread Group 1-45,text,false,,332,184,50,50,https://integration.authnproxyms.service.itsupport247.net/test,4833,0,545
1581417839593,5043,AuthNProxy,401,Unauthorized,Thread Group 1-8,text,false,,332,184,50,50,https://integration.authnproxyms.service.itsupport247.net/test,5043,0,550
1581417839768,4898,AuthNProxy,401,Unauthorized,Thread Group 1-9,text,false,,332,184,50,50,https://integration.authnproxyms.service.itsupport247.net/test,4898,0,545
1581417839826,4894,AuthNProxy,401,Unauthorized,Thread Group 1-50,text,false,,332,184,50,50,https://integration.authnproxyms.service.itsupport247.net/test,4894,0,544
1581417839892,5031,AuthNProxy,401,Unauthorized,Thread Group 1-49,text,false,,332,184,50,50,https://integration.authnproxyms.service.itsupport247.net/test,5031,0,546
1581417840075,4849,AuthNProxy,401,Unauthorized,Thread Group 1-40,text,false,,332,184,50,50,https://integration.authnproxyms.service.itsupport247.net/test,4849,0,545
1581417839836,5090,AuthNProxy,401,Unauthorized,Thread Group 1-39,text,false,,332,184,50,50,https://integration.authnproxyms.service.itsupport247.net/test,5090,0,545
1581417840089,4839,AuthNProxy,401,Unauthorized,Thread Group 1-5,text,false,,332,184,50,50,https://integration.authnproxyms.service.itsupport247.net/test,4839,0,544
1581417840064,4873,AuthNProxy,401,Unauthorized,Thread Group 1-30,text,false,,332,184,50,50,https://integration.authnproxyms.service.itsupport247.net/test,4873,0,550
1581417839900,5038,AuthNProxy,401,Unauthorized,Thread Group 1-6,text,false,,332,184,50,50,https://integration.authnproxyms.service.itsupport247.net/test,5038,0,549
1581418444420,4168,AuthNProxy,401,Unauthorized,Thread Group 1-47,text,false,,332,184,50,50,https://integration.authnproxyms.service.itsupport247.net/test,4168,0,551
1581418444403,4192,AuthNProxy,401,Unauthorized,Thread Group 1-35,text,false,,332,184,50,50,https://integration.authnproxyms.service.itsupport247.net/test,4192,0,551
1581418444444,4189,AuthNProxy,401,Unauthorized,Thread Group 1-19,text,false,,332,184,50,50,https://integration.authnproxyms.service.itsupport247.net/test,4189,0,550
1581418444371,4266,AuthNProxy,401,Unauthorized,Thread Group 1-18,text,false,,332,184,50,50,https://integration.authnproxyms.service.itsupport247.net/test,4266,0,545
1581418444423,4220,AuthNProxy,401,Unauthorized,Thread Group 1-39,text,false,,332,184,50,50,https://integration.authnproxyms.service.itsupport247.net/test,4220,0,546
1581418444445,4200,AuthNProxy,401,Unauthorized,Thread Group 1-28,text,false,,332,184,50,50,https://integration.authnproxyms.service.itsupport247.net/test,4199,0,550
1581418444523,4139,AuthNProxy,401,Unauthorized,Thread Group 1-26,text,false,,332,184,50,50,https://integration.authnproxyms.service.itsupport247.net/test,4139,0,550
1581418444426,4451,AuthNProxy,401,Unauthorized,Thread Group 1-2,text,false,,332,184,50,50,https://integration.authnproxyms.service.itsupport247.net/test,4451,0,545
1581418444383,4498,AuthNProxy,401,Unauthorized,Thread Group 1-24,text,false,,332,184,50,50,https://integration.authnproxyms.service.itsupport247.net/test,4498,0,544
1581418444588,4297,AuthNProxy,401,Unauthorized,Thread Group 1-36,text,false,,332,184,50,50,https://integration.authnproxyms.service.itsupport247.net/test,4297,0,552
1581418444561,4325,AuthNProxy,401,Unauthorized,Thread Group 1-48,text,false,,332,184,50,50,https://integration.authnproxyms.service.itsupport247.net/test,4325,0,545
1581418444586,4321,AuthNProxy,401,Unauthorized,Thread Group 1-8,text,false,,332,184,50,50,https://integration.authnproxyms.service.itsupport247.net/test,4321,0,550
1581418444591,4317,AuthNProxy,401,Unauthorized,Thread Group 1-1,text,false,,332,184,50,50,https://integration.authnproxyms.service.itsupport247.net/test,4317,0,545
1581418444574,4338,AuthNProxy,401,Unauthorized,Thread Group 1-29,text,false,,332,184,50,50,https://integration.authnproxyms.service.itsupport247.net/test,4337,0,544
1581418444588,4327,AuthNProxy,401,Unauthorized,Thread Group 1-3,text,false,,332,184,50,50,https://integration.authnproxyms.service.itsupport247.net/test,4327,0,552
1581418444751,4437,AuthNProxy,401,Unauthorized,Thread Group 1-12,text,false,,332,184,50,50,https://integration.authnproxyms.service.itsupport247.net/test,4436,0,544
1581418444607,4584,AuthNProxy,401,Unauthorized,Thread Group 1-23,text,false,,332,184,50,50,https://integration.authnproxyms.service.itsupport247.net/test,4584,0,550
1581418444616,4578,AuthNProxy,401,Unauthorized,Thread Group 1-15,text,false,,332,184,50,50,https://integration.authnproxyms.service.itsupport247.net/test,4578,0,549
1581418444607,4591,AuthNProxy,401,Unauthorized,Thread Group 1-46,text,false,,332,184,50,50,https://integration.authnproxyms.service.itsupport247.net/test,4591,0,545
1581418444604,4600,AuthNProxy,401,Unauthorized,Thread Group 1-14,text,false,,332,184,50,50,https://integration.authnproxyms.service.itsupport247.net/test,4600,0,546
1581418444624,4582,AuthNProxy,401,Unauthorized,Thread Group 1-4,text,false,,332,184,50,50,https://integration.authnproxyms.service.itsupport247.net/test,4581,0,544
1581418444655,4551,AuthNProxy,401,Unauthorized,Thread Group 1-38,text,false,,332,184,50,50,https://integration.authnproxyms.service.itsupport247.net/test,4551,0,545
1581418444700,4506,AuthNProxy,401,Unauthorized,Thread Group 1-42,text,false,,332,184,50,50,https://integration.authnproxyms.service.itsupport247.net/test,4506,0,550
1581418444739,4701,AuthNProxy,401,Unauthorized,Thread Group 1-11,text,false,,332,184,50,50,https://integration.authnproxyms.service.itsupport247.net/test,4701,0,544
1581418444682,4760,AuthNProxy,401,Unauthorized,Thread Group 1-34,text,false,,332,184,50,50,https://integration.authnproxyms.service.itsupport247.net/test,4759,0,546
1581418444965,4479,AuthNProxy,401,Unauthorized,Thread Group 1-21,text,false,,332,184,50,50,https://integration.authnproxyms.service.itsupport247.net/test,4479,0,551
1581418444949,4502,AuthNProxy,401,Unauthorized,Thread Group 1-40,text,false,,332,184,50,50,https://integration.authnproxyms.service.itsupport247.net/test,4502,0,546
1581418444769,4685,AuthNProxy,401,Unauthorized,Thread Group 1-31,text,false,,332,184,50,50,https://integration.authnproxyms.service.itsupport247.net/test,4685,0,544
1581418445067,4388,AuthNProxy,401,Unauthorized,Thread Group 1-30,text,false,,332,184,50,50,https://integration.authnproxyms.service.itsupport247.net/test,4388,0,551
1581418444773,4685,AuthNProxy,401,Unauthorized,Thread Group 1-9,text,false,,332,184,50,50,https://integration.authnproxyms.service.itsupport247.net/test,4685,0,550
1581418444755,4705,AuthNProxy,401,Unauthorized,Thread Group 1-45,text,false,,332,184,50,50,https://integration.authnproxyms.service.itsupport247.net/test,4705,0,549
1581418444965,4536,AuthNProxy,401,Unauthorized,Thread Group 1-17,text,false,,332,184,50,50,https://integration.authnproxyms.service.itsupport247.net/test,4536,0,550
1581418445081,4670,AuthNProxy,401,Unauthorized,Thread Group 1-41,text,false,,332,184,50,50,https://integration.authnproxyms.service.itsupport247.net/test,4669,0,550
1581418445091,4662,AuthNProxy,401,Unauthorized,Thread Group 1-20,text,false,,332,184,50,50,https://integration.authnproxyms.service.itsupport247.net/test,4662,0,545
1581418445074,4681,AuthNProxy,401,Unauthorized,Thread Group 1-49,text,false,,332,184,50,50,https://integration.authnproxyms.service.itsupport247.net/test,4681,0,550
1581418445082,4674,AuthNProxy,401,Unauthorized,Thread Group 1-33,text,false,,332,184,50,50,https://integration.authnproxyms.service.itsupport247.net/test,4674,0,545
1581418445090,4669,AuthNProxy,401,Unauthorized,Thread Group 1-13,text,false,,332,184,50,50,https://integration.authnproxyms.service.itsupport247.net/test,4669,0,545
1581418445077,4684,AuthNProxy,401,Unauthorized,Thread Group 1-7,text,false,,332,184,50,50,https://integration.authnproxyms.service.itsupport247.net/test,4684,0,549
1581418445093,4669,AuthNProxy,401,Unauthorized,Thread Group 1-44,text,false,,332,184,50,50,https://integration.authnproxyms.service.itsupport247.net/test,4669,0,550
1581418445080,4682,AuthNProxy,401,Unauthorized,Thread Group 1-6,text,false,,332,184,50,50,https://integration.authnproxyms.service.itsupport247.net/test,4682,0,550
1581418445086,4696,AuthNProxy,401,Unauthorized,Thread Group 1-32,text,false,,332,184,50,50,https://integration.authnproxyms.service.itsupport247.net/test,4696,0,546
1581419049388,4096,AuthNProxy,401,Unauthorized,Thread Group 1-30,text,false,,332,184,50,50,https://integration.authnproxyms.service.itsupport247.net/test,4096,0,550
1581419049390,4116,AuthNProxy,401,Unauthorized,Thread Group 1-46,text,false,,332,184,50,50,https://integration.authnproxyms.service.itsupport247.net/test,4116,0,551
1581419049549,4406,AuthNProxy,401,Unauthorized,Thread Group 1-35,text,false,,332,184,50,50,https://integration.authnproxyms.service.itsupport247.net/test,4406,0,550
1581419049616,4340,AuthNProxy,401,Unauthorized,Thread Group 1-9,text,false,,332,184,50,50,https://integration.authnproxyms.service.itsupport247.net/test,4340,0,544
1581419049613,4345,AuthNProxy,401,Unauthorized,Thread Group 1-47,text,false,,332,184,50,50,https://integration.authnproxyms.service.itsupport247.net/test,4345,0,545
1581419049572,4391,AuthNProxy,401,Unauthorized,Thread Group 1-14,text,false,,332,184,50,50,https://integration.authnproxyms.service.itsupport247.net/test,4391,0,550
1581419049624,4340,AuthNProxy,401,Unauthorized,Thread Group 1-10,text,false,,332,184,50,50,https://integration.authnproxyms.service.itsupport247.net/test,4340,0,544
1581419049640,4328,AuthNProxy,401,Unauthorized,Thread Group 1-11,text,false,,332,184,50,50,https://integration.authnproxyms.service.itsupport247.net/test,4328,0,551
1581419049631,4339,AuthNProxy,401,Unauthorized,Thread Group 1-24,text,false,,332,184,50,50,https://integration.authnproxyms.service.itsupport247.net/test,4339,0,550
1581419049616,4357,AuthNProxy,401,Unauthorized,Thread Group 1-21,text,false,,332,184,50,50,https://integration.authnproxyms.service.itsupport247.net/test,4357,0,550
1581419049671,4304,AuthNProxy,401,Unauthorized,Thread Group 1-28,text,false,,332,184,50,50,https://integration.authnproxyms.service.itsupport247.net/test,4304,0,545
1581419049740,4478,AuthNProxy,401,Unauthorized,Thread Group 1-49,text,false,,332,184,50,50,https://integration.authnproxyms.service.itsupport247.net/test,4478,0,550
1581419049707,4512,AuthNProxy,401,Unauthorized,Thread Group 1-43,text,false,,332,184,50,50,https://integration.authnproxyms.service.itsupport247.net/test,4512,0,545
1581419049616,4608,AuthNProxy,401,Unauthorized,Thread Group 1-39,text,false,,332,184,50,50,https://integration.authnproxyms.service.itsupport247.net/test,4608,0,551
1581419049738,4489,AuthNProxy,401,Unauthorized,Thread Group 1-40,text,false,,332,184,50,50,https://integration.authnproxyms.service.itsupport247.net/test,4488,0,549
1581419049641,4586,AuthNProxy,401,Unauthorized,Thread Group 1-23,text,false,,332,184,50,50,https://integration.authnproxyms.service.itsupport247.net/test,4586,0,546
1581419049722,4670,AuthNProxy,401,Unauthorized,Thread Group 1-44,text,false,,332,184,50,50,https://integration.authnproxyms.service.itsupport247.net/test,4670,0,549
1581419049759,4638,AuthNProxy,401,Unauthorized,Thread Group 1-20,text,false,,332,184,50,50,https://integration.authnproxyms.service.itsupport247.net/test,4638,0,568
1581419049855,4551,AuthNProxy,401,Unauthorized,Thread Group 1-7,text,false,,332,184,50,50,https://integration.authnproxyms.service.itsupport247.net/test,4551,0,545
1581419049795,4616,AuthNProxy,401,Unauthorized,Thread Group 1-8,text,false,,332,184,50,50,https://integration.authnproxyms.service.itsupport247.net/test,4616,0,550
1581419049761,4653,AuthNProxy,401,Unauthorized,Thread Group 1-3,text,false,,332,184,50,50,https://integration.authnproxyms.service.itsupport247.net/test,4653,0,568
1581419049839,4663,AuthNProxy,401,Unauthorized,Thread Group 1-26,text,false,,332,184,50,50,https://integration.authnproxyms.service.itsupport247.net/test,4663,0,546
1581419049789,4719,AuthNProxy,401,Unauthorized,Thread Group 1-17,text,false,,332,184,50,50,https://integration.authnproxyms.service.itsupport247.net/test,4719,0,549
1581419049872,4653,AuthNProxy,401,Unauthorized,Thread Group 1-16,text,false,,332,184,50,50,https://integration.authnproxyms.service.itsupport247.net/test,4653,0,544
1581419049817,4731,AuthNProxy,401,Unauthorized,Thread Group 1-50,text,false,,332,184,50,50,https://integration.authnproxyms.service.itsupport247.net/test,4731,0,550
1581419049854,4940,AuthNProxy,401,Unauthorized,Thread Group 1-25,text,false,,332,184,50,50,https://integration.authnproxyms.service.itsupport247.net/test,4940,0,544
1581419050063,4731,AuthNProxy,401,Unauthorized,Thread Group 1-5,text,false,,332,184,50,50,https://integration.authnproxyms.service.itsupport247.net/test,4731,0,544
1581419050080,4715,AuthNProxy,401,Unauthorized,Thread Group 1-32,text,false,,332,184,50,50,https://integration.authnproxyms.service.itsupport247.net/test,4715,0,545
1581419049931,4864,AuthNProxy,401,Unauthorized,Thread Group 1-2,text,false,,332,184,50,50,https://integration.authnproxyms.service.itsupport247.net/test,4864,0,550
1581419049926,4869,AuthNProxy,401,Unauthorized,Thread Group 1-48,text,false,,332,184,50,50,https://integration.authnproxyms.service.itsupport247.net/test,4869,0,549
1581419050035,4762,AuthNProxy,401,Unauthorized,Thread Group 1-19,text,false,,332,184,50,50,https://integration.authnproxyms.service.itsupport247.net/test,4762,0,544
1581419050061,4737,AuthNProxy,401,Unauthorized,Thread Group 1-29,text,false,,332,184,50,50,https://integration.authnproxyms.service.itsupport247.net/test,4737,0,545
1581419049924,4874,AuthNProxy,401,Unauthorized,Thread Group 1-12,text,false,,332,184,50,50,https://integration.authnproxyms.service.itsupport247.net/test,4874,0,550
1581419049929,4870,AuthNProxy,401,Unauthorized,Thread Group 1-41,text,false,,332,184,50,50,https://integration.authnproxyms.service.itsupport247.net/test,4870,0,545
1581419050091,4710,AuthNProxy,401,Unauthorized,Thread Group 1-13,text,false,,332,184,50,50,https://integration.authnproxyms.service.itsupport247.net/test,4710,0,545
